,screen_name,tweet_url,timestamp,text
0,Kostian_V,https://twitter.com/Kostian_V/status/317013902091243521,27/3/2013 20:42,The New Silk Road (Orenburg) - YouTube  …
1,ChinaToursBlog,https://twitter.com/ChinaToursBlog/status/316494539424681984,26/3/2013 10:19,Berichterstattung der #New #Silk #Road nach #China im #WDR  
2,foxystories,https://twitter.com/foxystories/status/298963939415441408,6/2/2013 1:18,"Von Silk Road mit cheongsam: Um die Lunar New Year markieren, nimmt Sebastian Gunawan eine…  "
3,hdermi,https://twitter.com/hdermi/status/329249124132196352,30/4/2013 15:01,"Μπάμπης Δερμιτζάκης: Muhammad Bozorgnia, The maritime silk road  …"
4,GoChina1,https://twitter.com/GoChina1/status/340244012151738368,30/5/2013 23:11,New Silk Road Kashgar - 카슈가르  
5,Herchre,https://twitter.com/Herchre/status/337851571431944192,24/5/2013 8:44,Kitaro - Theme From Silk Road(New Age Instrumental)(HD Video)  … vía @youtube
6,antsket,https://twitter.com/antsket/status/336130440891101187,19/5/2013 14:45,"""The new silk road"" εγραφε στο Πεκινο,εκει που μιλκησε ο Σαμαρας.Ενδιαφερον"
7,chrygeorge,https://twitter.com/chrygeorge/status/336050609625112576,19/5/2013 9:28,"Ο  'New Silk Road' από την Κίνα στην Ελλάδα, άνοιξε   … via @capitalgr"
8,APP_117,https://twitter.com/APP_117/status/335862109948760064,18/5/2013 20:59,"Ο  'New Silk Road' από την Κίνα στην Ελλάδα, άνοιξε   … via @capitalgr"
9,capitalgr,https://twitter.com/capitalgr/status/335801694644486146,18/5/2013 16:58,"Ο  ”New Silk Road” από την Κίνα στην Ελλάδα, άνοιξε   …"
10,gourpan,https://twitter.com/gourpan/status/335799306353258496,18/5/2013 16:49,The New Silk Road? THE NEW SILK ROAD??? Έχουν χιούμορ τελικά...
11,tahsinates,https://twitter.com/tahsinates/status/297731005471670273,2/2/2013 15:39,Eski ve yeni yolcularıyla İpek Yolu /  Silk Road with the new and old passangers #Gaziantep  
12,iguideID,https://twitter.com/iguideID/status/297397756039942145,1/2/2013 17:35,"Belum, ada link nya? RT @hafiz_ibenk: kalo The Maritime Silk Road udah nonton blm?"
13,MyEbayStuff1,https://twitter.com/MyEbayStuff1/status/296377571044626432,29/1/2013 22:01,#YOYOMA SILK ROAD JOURNEY'S BEYOND THE HORIZON NEW! NEW SEALED! on @eBay!   #CD
14,Agisa108,https://twitter.com/Agisa108/status/293501542680653824,21/1/2013 23:33,@ccha47 꼭 한달 전 <비즈니스 위크>에 실린 기사입니다. 중국과 시베리아를 달리는 철로는 이미 중국과 외국 투자자들이 활용하고 있죠. 이 지도를 보고 답답한 마음이 들었죠. The New Silk Road  
15,burikhanov,https://twitter.com/burikhanov/status/314061024317808640,19/3/2013 17:09,New Silk Road …
16,ChinaToursBlog,https://twitter.com/ChinaToursBlog/status/354869431513530368,10/7/2013 7:47,"Entlang der #Seidenstraße mit der #NewSilkRoad #Rallye, lest hier was die Truppe im Juni in Mittelasien erlebte  "
17,voyage1074,https://twitter.com/voyage1074/status/354669004478087169,9/7/2013 18:30,Radyo Voyage’da bu gece New Age müziğinin ustası Kitaro sizleri Silk Road ile İpek Yolu'na yolculuğa davet ediyor...  …
18,Nititham2012,https://twitter.com/Nititham2012/status/353880160300318723,7/7/2013 14:16,"ไทย-ตุรกีตั้งคณะทำงานร่วมเพิ่มมูลค่าการค้า 1,500 ล้านเหรียญสหรัฐฯหนุน New silk road เชื่อมเอเชีย-ยุโรป  View Content  …"
19,Fs_Of_Yingluck,https://twitter.com/Fs_Of_Yingluck/status/353673713683673088,7/7/2013 0:35,ไทยจะลงทุนโครงสร้างพื้นฐานสร้างรถไฟความเร็วสูงเพื่อเชื่อมโยงลาว จีน รวมถึงเชื่อมโยงกับโครงการ New Silk Road...  
20,attorney_keng,https://twitter.com/attorney_keng/status/353669481660293123,7/7/2013 0:19,ไทยจะลงทุนโครงสร้างพื้นฐานสร้างรถไฟความเร็วสูงเพื่อเชื่อมโยงลาว จีน รวมถึงเชื่อมโยงกับโครงการ New Silk Road ของตุรกีเพื่อเชื่อมเอเชีย-ยุโรป
21,009butterfly,https://twitter.com/009butterfly/status/353489122935058432,6/7/2013 12:22,ไทย - ตุรกี สนใจร่วมพัฒนาเส้นทางรถไฟเชื่อมโยงกับโครงการ New Silk Road ของตุรกีเพื่อเชื่อมทวีปเอเชีย-ยุโรป  
22,Fs_Of_Yingluck,https://twitter.com/Fs_Of_Yingluck/status/353488533073297408,6/7/2013 12:20,ไทย - ตุรกี สนใจร่วมพัฒนาเส้นทางรถไฟเชื่อมโยงกับโครงการ New Silk Road ของตุรกีเพื่อเชื่อมทวีปเอเชีย-ยุโรป  
23,seansasha,https://twitter.com/seansasha/status/353378453858426880,6/7/2013 5:02,ウズベキスタン：シルクロード物流上の鬼門 Uzbekistan Setting Up Checkpoints On New Silk Road |    
24,suwitlive,https://twitter.com/suwitlive/status/353306598652919809,6/7/2013 0:17,นายกฯ เยี่ยมชมโครงการอุโมงค์ Marmaray สถานี Yenikapi ซึ่งเป็นส่วนหนึ่งของเส้นทางรถไฟ New Silk Road...  
25,Jaimesaezfer,https://twitter.com/Jaimesaezfer/status/368281582660222976,16/8/2013 8:02,"""@ArtFansclub: Dunhuang:Buddhist Art at the Gateway of the Silk Road New York Times  "" Exposición de arte budista en NY"
26,Ecribouille,https://twitter.com/Ecribouille/status/367593040631705600,14/8/2013 10:26,Belle idée de page chapeau / Riding the New Silk Road par le NY Times  … #contenu #Web
27,zariaurore,https://twitter.com/zariaurore/status/367276531493502976,13/8/2013 13:28,Je ne m'en lasse pas... Riding the New Silk Road - Interactive Feature from @nytgraphics  …
28,realmue,https://twitter.com/realmue/status/364702055048294401,6/8/2013 10:58,«Riding the New Silk Road»  …
29,10029abh,https://twitter.com/10029abh/status/372920722361823232,29/8/2013 3:16,KITARO / Silk Road (1980) - New Age/ Entspannungsmusik/ Meditation: Karlsfeld | Doppel-CD KITARO / Silk-Road -...  
30,aydn_faik,https://twitter.com/aydn_faik/status/372814668353376256,28/8/2013 20:15,~**Kitaro - Theme From Silk Road~**(New Age Instrumental)(HD Video):   @youtube aracılığıyla
31,kokkok2009,https://twitter.com/kokkok2009/status/290127394629623808,12/1/2013 16:05,【ジェームスタウン財団】アメリカの新シルクロードプランと中国の新ユーラシア陸橋計画の違いを考察、「全ての道はウルムチに通ず」で中国のリードを説明する論考。China’s Latest Piece of the New Silk Road  …
32,ChinaToursBlog,https://twitter.com/ChinaToursBlog/status/351598410756931585,1/7/2013 7:09,Neues von der diesjährigen Tour der #NewSilkRoad #Rallye findet ihr hier:  
33,Teacher_animate,https://twitter.com/Teacher_animate/status/350842601349455872,29/6/2013 5:06,~**Kitaro - Theme From Silk Road~**(New Age Instrumental)(HD Video):   vía @youtube
34,adhimbean,https://twitter.com/adhimbean/status/350283796035276800,27/6/2013 16:05,"Pct 500 RT @JayaOgawa: Jkt 69 ""@amoristi: New songnya Jkt 49 itu ya?RT @JayaOgawa: #np Kitaro - Silk road #malam #dingin :3"
35,JayaOgawa,https://twitter.com/JayaOgawa/status/350282231782195201,27/6/2013 15:59,"Jkt 69 ""@amoristi: New songnya Jkt 49 itu ya?RT @JayaOgawa: #np Kitaro - Silk road #malam #dingin :3"
36,amoristi,https://twitter.com/amoristi/status/350281422336032768,27/6/2013 15:56,New songnya Jkt 49 itu ya?RT @JayaOgawa: #np Kitaro - Silk road #malam #dingin :3
37,winyoosata,https://twitter.com/winyoosata/status/307793721812987906,2/3/2013 10:05,[LTSEnt instru.] Silk road - 喜多郎 Kitaro new orchestration HD:   via @youtube
38,new_hemp,https://twitter.com/new_hemp/status/344549558191259649,11/6/2013 20:19,silk road é uma bosta
39,portodesign,https://twitter.com/portodesign/status/381125164379148288,20/9/2013 18:38,Acesse o Blog e conheça todos os fantásticos wallpapers bordados da coleção New Silk Road:  
40,n_takekawa,https://twitter.com/n_takekawa/status/379567041121763328,16/9/2013 11:26,リヨンの家族＆一緒に制作した作品「New Silk Road」。祇園祭とヨーロッパの謎めいた関係を、交流を通じて繋ぎ直していく作品。 
41,ivanonthemove,https://twitter.com/ivanonthemove/status/379549421261688832,16/9/2013 10:16,"La capacità della #china di fare e comunicare la sua attività geopolitica. La proposta di ""Silk Road economic belt"".  …"
42,Movisolitalia,https://twitter.com/Movisolitalia/status/377096998517620736,9/9/2013 15:51,"Presidente #Cina fa eco a #LaRouche: fondare la #NuovaViaDellaSeta (#NewSilkRoad) - EN> ,  …"
43,up2d,https://twitter.com/up2d/status/403790204567187456,22/11/2013 7:41,"5 Lesetipps für den 22. November: In unseren Lesetipps geht es heute um die Silk Road, die Paywall der New Yor...  "
44,MongfeFong,https://twitter.com/MongfeFong/status/403091497043513344,20/11/2013 9:24,"我將一部影片加到了 @YouTube 播放清單   Kitaro (喜多郎) - Silk Road, Beautiful New Age Relaxing"
45,MongfeFong,https://twitter.com/MongfeFong/status/403091418891026432,20/11/2013 9:24,"我喜歡一部 @YouTube 影片   Kitaro (喜多郎) - Silk Road, Beautiful New Age Relaxing Music"
46,905ism,https://twitter.com/905ism/status/402695190667743233,19/11/2013 7:09,"Kitaro (喜多郎) - Silk Road, Beautiful New Age Relaxing Music:   @youtubeさんから急に聞きたくなった"
47,aldar_bat,https://twitter.com/aldar_bat/status/401395307348361216,15/11/2013 17:04,Төв Азийнхны анхааралд: Москва Сөүлийн ирээдүйн Торгоны зам Putin in Seoul pushes new 'Silk Road' via North Korea  …
48,VirtanenVesa,https://twitter.com/VirtanenVesa/status/401063196330442752,14/11/2013 19:04,Report: The Future of Arctic Shipping - A New Silk Road for China?  … käyttäjältä @ArcticInstitute
49,Gurulu_Chinese,https://twitter.com/Gurulu_Chinese/status/400968573947899904,14/11/2013 12:48,China News: Hauling new treasure along the Silk Road. Xīn de sīchóu zhī lù. 新 的 丝绸 之 路。 More:  
50,afraramazan,https://twitter.com/afraramazan/status/394503311388205056,27/10/2013 16:38,"Kitaro (喜多郎) - Silk Road, Beautiful New Age Relaxing Music:   @youtube aracılığıyla"
51,PRCPSDVI,https://twitter.com/PRCPSDVI/status/394141856365154304,26/10/2013 16:41,"Central Asia’s new silk road, paved by China... …@east_asia_forumIL n'y a pas que le business dans la vie !"
52,ChinaToursBlog,https://twitter.com/ChinaToursBlog/status/393733535934078976,25/10/2013 13:39,Die Teilnehmer der #NewSilkRoad #Rallye haben #Shanghai alle wohlauf erreicht. Mehr dazu:  …
53,kayodeaseweje,https://twitter.com/kayodeaseweje/status/393702013328183296,25/10/2013 11:34,"!!""@DiggKickers: INSTAGRAM IS THE NEW SILK ROAD  """
54,DiggKickers,https://twitter.com/DiggKickers/status/393701389873844224,25/10/2013 11:31,INSTAGRAM IS THE NEW SILK ROAD  
55,KongKon91424055,https://twitter.com/KongKon91424055/status/391443004256292865,19/10/2013 5:57,我在痞客邦 PIXNET 新增了篇文章：‘Maritime silk road’ faces a rocky birth  …
56,Le_Seidaku,https://twitter.com/Le_Seidaku/status/391253508303126529,18/10/2013 17:24,"New: Le concurrent de Silk Road annonce sa fermeture, puis se ravise  "
57,Navbahor,https://twitter.com/Navbahor/status/390274545073942529,16/10/2013 0:34,"Ipak yo'li strategiyasi desangiz, ekspertlarning ensasi qotadi - #NewSilkRoad talk in Washington  …"
58,ChinaToursBlog,https://twitter.com/ChinaToursBlog/status/390144788881604608,15/10/2013 15:59,Für die Teilnehmer der #NewSilkRoad #Rallye geht es entlang des Himmelsgebirge nach #Hami Mehr dazu:   #Seidenstraße
59,Guitariosott,https://twitter.com/Guitariosott/status/364407943736725505,5/8/2013 15:29,"Ouch, ça c'est de la mise en scène du @nytimes : ""Riding the New Silk Road""   via @JoanRoels"
60,024t910_fav,https://twitter.com/024t910_fav/status/363115886049513472,2/8/2013 1:55,あんまりスクロール連動ものは好きじゃないんだけど、この曲線連動は好き。 >> Riding the New Silk Road - Interactive Feature -    
61,SKoziej,https://twitter.com/SKoziej/status/362915719127633921,1/8/2013 12:40,Czy chińskie zainteresowanie Afganistanem jest szansą dla tego kraju @defenseone: China is Building a 'New Silk Road'  
62,Pristinaorg,https://twitter.com/Pristinaorg/status/361579428926586881,28/7/2013 20:10,Riding the New Silk Road - da China ao Kazaquistão de Trem    
63,hoverstates,https://twitter.com/hoverstates/status/360703070876860416,26/7/2013 10:08, New York Times: Silk Road …  
64,eduardoe,https://twitter.com/eduardoe/status/360641285431902208,26/7/2013 6:02,Riding the New Silk Road  … | Genial la presentación interactiva :D
65,thibnton,https://twitter.com/thibnton/status/360307450550829056,25/7/2013 7:56,"« Riding the New Silk Road », ou l'importation via terre (et train) d'ordinateurs Hewlett-Packard de…  "
66,Briskens,https://twitter.com/Briskens/status/359767240809259009,23/7/2013 20:09,Izcils The New York Times raksts par Ķīnas-Eiropas jauno Zīda ceļu | Hauling New Treasure Along the Silk Road -  
67,SofiaNieminen,https://twitter.com/SofiaNieminen/status/359722740460158977,23/7/2013 17:12,Mitä tarinankerrontaa! Tällaista lisää! Riding The New Silk Road:  …
68,visionscarto,https://twitter.com/visionscarto/status/359388390443073536,22/7/2013 19:04,"« Riding the New Silk Road », ou l'importation via terre (et train) d'ordinateurs Hewlett-Packard de…  "
69,alaingresh,https://twitter.com/alaingresh/status/359336017213403137,22/7/2013 15:35,"« Riding the New Silk Road », ou l'importation via terre (et train) d'ordinateurs Hewlett-Packard de…  "
70,gpbasello,https://twitter.com/gpbasello/status/359330200053493761,22/7/2013 15:12,Riding the New Silk Road:  … Viene voglia di vedere il resto del percorso..
71,recifs,https://twitter.com/recifs/status/359322539656347651,22/7/2013 14:42,"« Riding the New Silk Road », ou l'importation via terre (et train) d'ordinateurs Hewlett-Packard de…  "
72,Koztj,https://twitter.com/Koztj/status/359304816222150656,22/7/2013 13:31,#webdocumentaire RIDING THE NEW SILK ROAD nouvelle route de la soie : les transports Chine Europe   #webdoc #interactif
73,Rue89_Chinatown,https://twitter.com/Rue89_Chinatown/status/359288569078099968,22/7/2013 12:27,"+1 RT @florianmascaro ""Riding the New Silk Road"" encore une magnifique réalisation du NYTimes #nouveauxmedias  … …"
74,florianmascaro,https://twitter.com/florianmascaro/status/359287454873821184,22/7/2013 12:22,"""Riding the New Silk Road"" encore une magnifique réalisation du NYTimes #nouveauxmedias  …"
75,ju_sagi,https://twitter.com/ju_sagi/status/359285029370740736,22/7/2013 12:13,NICE! Riding the New Silk Road   (via @DMehradF ) #infografía
76,sjoholm,https://twitter.com/sjoholm/status/359279259904258049,22/7/2013 11:50,Strålande interaktivt bildberättande av @nytgraphics Riding the New Silk Road  …
77,lbroekman,https://twitter.com/lbroekman/status/359276585074950144,22/7/2013 11:39,Fraaie weergave. 'Riding The New Silk Road'  
78,fabienpaillot,https://twitter.com/fabienpaillot/status/359270178904743937,22/7/2013 11:14,"""Riding the New Silk Road"" Simple et superbe idée!  … Merci la vigie de @Rue89 !"
79,EmmaPatry,https://twitter.com/EmmaPatry/status/359246085476188162,22/7/2013 9:38,Riding the New Silk Road : superbe contenu interactif du NYT >  …
80,HENKELHIEDL,https://twitter.com/HENKELHIEDL/status/359235905048940544,22/7/2013 8:58,Die @nytimes mal wieder: Das Multimedia-Feature »Riding the New Silk Road« ( …) zum Artikel ( …).
81,radimbancovski,https://twitter.com/radimbancovski/status/359211671346094080,22/7/2013 7:21,Tyhle prezentace NYT jsou prostě úžasné: Riding the New Silk Road - Interactive  …
82,just4v2ex,https://twitter.com/just4v2ex/status/359120283438821376,22/7/2013 1:18,[分享发现] Riding the New Silk Road:  NYT这种数码杂志从设计到排版，到字体，到美学，到精美的cinemagraph，把其他媒介爆出翔了有木有！  
83,hildekas,https://twitter.com/hildekas/status/359066809565069312,21/7/2013 21:46,"""@maartenzam: Heel mooi, zo zou ik graag meer reportages zien: Riding the New Silk Road  …"""
84,maartenzam,https://twitter.com/maartenzam/status/359062838687838208,21/7/2013 21:30,"Heel mooi, zo zou ik graag meer reportages zien: Riding the New Silk Road  …"
85,XplaneSp,https://twitter.com/XplaneSp/status/359050639294214144,21/7/2013 20:41,El New York Times haciendo una de las suyas ... New Silk Road @nytimes  
86,dclauzel,https://twitter.com/dclauzel/status/359011037678272512,21/7/2013 18:04,« Riding the New Silk Road »   Jolie infographie
87,rojastorrijos,https://twitter.com/rojastorrijos/status/358962404610150400,21/7/2013 14:51,"Nuevo ejemplo de cómo aprovechar gráficos y multimedia para contar historias: Riding the New Silk Road, @nytgraphics  …"
88,JoaoPedroL,https://twitter.com/JoaoPedroL/status/358945156759687168,21/7/2013 13:42,artigo para lá de maravilhoso no ny times .Hauling New Treasure Along the Silk Road  
89,jvillasanad,https://twitter.com/jvillasanad/status/358934346998099969,21/7/2013 12:59,Expertos en logística y embarques deben leer este artículo -- NYTimes: Hauling New Treasure Along the Silk Road 
90,ljubljanna,https://twitter.com/ljubljanna/status/400653182009085952,13/11/2013 15:55,"Silk Road initiative, Great Middle East project. Следующий этап the Earth или New Galaxy? :)"
91,SimoneChun,https://twitter.com/SimoneChun/status/400620716120231938,13/11/2013 13:46,Putin in Seoul pushes new ‘Silk Road’ via North Korea |  … via @capitalfm_kenya 푸턴 한국방문. 러시아 6자회담 개시 지지 표명한다는 기사.
92,osmetoz,https://twitter.com/osmetoz/status/400496924010098689,13/11/2013 5:34,"Putin in South Korea to push new ""Silk Road"" via North Korea - Channel NewsAsia  bölge barışına ciddi katkısı olur."
93,osmetoz,https://twitter.com/osmetoz/status/400496737476825088,13/11/2013 5:33,"Putin in South Korea to push new ""Silk Road"" via North Korea - Channel NewsAsia  Çok önemli bir gelişme."
94,itsHypeGalore,https://twitter.com/itsHypeGalore/status/398574957828923392,7/11/2013 22:17,"Notirama: Arafat, Maduro, New York, Silk Road. Todos vuelven  … #HG"
95,FakinoTur,https://twitter.com/FakinoTur/status/395974892086390784,31/10/2013 18:05,Patrimonio cultural subacuático: The Maritime Silk Road Guangdong Museum (China) -  
96,_Niivs,https://twitter.com/_Niivs/status/395029064450576384,29/10/2013 3:27,"Adicionei como favorito um vídeo @YouTube   Kitaro (喜多郎) - Silk Road, Beautiful New Age Relaxing Music"
97,Trrguni,https://twitter.com/Trrguni/status/388435022853574657,10/10/2013 22:45,"Eurasia: the New Silk Road""Yeni İpek Yolu"". Yeni Dünyayı Düzenleyenler bu konuya çok önem veriyor."
98,NLingelicht,https://twitter.com/NLingelicht/status/388199772336582656,10/10/2013 7:10,Vermeende eigenaar Silk Road in New York berecht  #internet
99,Q8Y3GOB,https://twitter.com/Q8Y3GOB/status/388039858192916480,9/10/2013 20:34,Vermeende eigenaar Silk Road in New York berecht   #Q8Y3GOB #tech
100,NLingelicht,https://twitter.com/NLingelicht/status/388028977849176064,9/10/2013 19:51,Vermeende eigenaar Silk Road in New York berecht  #internet
101,MediaMere,https://twitter.com/MediaMere/status/388026001177198593,9/10/2013 19:39,NU.nl: Vermeende eigenaar Silk Road in New York berecht   …
102,OnlinePearl,https://twitter.com/OnlinePearl/status/388016025947865088,9/10/2013 19:00,Vermeende eigenaar Silk Road in New York berecht  …
103,SocialGatto,https://twitter.com/SocialGatto/status/388014447811641344,9/10/2013 18:53,Vermeende eigenaar Silk Road in New York berecht  
104,Marskap_ICT,https://twitter.com/Marskap_ICT/status/388012574002130944,9/10/2013 18:46,Vermeende eigenaar Silk Road in New York berecht  
105,ITNieuws4u,https://twitter.com/ITNieuws4u/status/388010585964552192,9/10/2013 18:38,Vermeende eigenaar Silk Road in New York berecht  
106,NU_Technieuws,https://twitter.com/NU_Technieuws/status/388010499113095168,9/10/2013 18:38,Vermeende eigenaar Silk Road in New York berecht  
107,cohenjohnny,https://twitter.com/cohenjohnny/status/388010498202947584,9/10/2013 18:38,Vermeende eigenaar Silk Road in New York berecht  
108,Intermediax,https://twitter.com/Intermediax/status/388010358981787649,9/10/2013 18:37,Vermeende eigenaar Silk Road in New York berecht  
109,FelixFeed,https://twitter.com/FelixFeed/status/388009126464618496,9/10/2013 18:32,Vermeende eigenaar Silk Road in New York berecht  
110,NUtech_nl,https://twitter.com/NUtech_nl/status/388008318813626368,9/10/2013 18:29,Vermeende eigenaar Silk Road in New York berecht  
111,nieuws_tech,https://twitter.com/nieuws_tech/status/388007345462444032,9/10/2013 18:25,Vermeende eigenaar Silk Road in New York berecht  
112,NLingelicht,https://twitter.com/NLingelicht/status/388007027924275202,9/10/2013 18:24,Vermeende eigenaar Silk Road in New York berecht  #internet
113,nu_tech,https://twitter.com/nu_tech/status/388006631919083520,9/10/2013 18:22,Vermeende eigenaar Silk Road in New York berecht  
114,ISIDIS,https://twitter.com/ISIDIS/status/388005812704010241,9/10/2013 18:19,Vermeende eigenaar Silk Road in New York berecht  
115,DesmondTwit,https://twitter.com/DesmondTwit/status/388005478938050561,9/10/2013 18:18,Vermeende eigenaar Silk Road in New York berecht  
116,NUtechnl,https://twitter.com/NUtechnl/status/388005464837197824,9/10/2013 18:18,Vermeende eigenaar Silk Road in New York berecht:  
117,DutchNewspapers,https://twitter.com/DutchNewspapers/status/388004726480330752,9/10/2013 18:15,Vermeende eigenaar Silk Road in New York berecht  …
118,NU_internet,https://twitter.com/NU_internet/status/388003985300652033,9/10/2013 18:12,Vermeende eigenaar Silk Road in New York berecht  
119,TheNerdsOnline,https://twitter.com/TheNerdsOnline/status/388003846456627200,9/10/2013 18:11,Vermeende eigenaar Silk Road in New York berecht #News >  
120,jrkaandorp,https://twitter.com/jrkaandorp/status/388003776273317888,9/10/2013 18:11,Vermeende eigenaar Silk Road in New York berecht   #tech
121,albertolivier,https://twitter.com/albertolivier/status/388003506126606336,9/10/2013 18:10,Vermeende eigenaar Silk Road in New York berecht  
122,RetweetNLD,https://twitter.com/RetweetNLD/status/388003480117735424,9/10/2013 18:10,"#retweetnld Nieuwe post op NUtech: ""Vermeende eigenaar Silk Road in New York berecht""  "
123,TerburgTotaal,https://twitter.com/TerburgTotaal/status/388002841367183360,9/10/2013 18:07,Vermeende eigenaar Silk Road in New York berecht  
124,ChinaToursBlog,https://twitter.com/ChinaToursBlog/status/387937807273959425,9/10/2013 13:49,Die Teilnehmer der #NewSilkRoad #Rallye haben bereits #China erreicht. Mehr dazu:   #Seidenstraße
125,teeratr,https://twitter.com/teeratr/status/387422329552121857,8/10/2013 3:40,การเชื่อมโยงที่ไทยสนับสนุนในเอเปค เช่น ความร่วมมืออนุภาคลุ่มน้ำโขง ความร่วมมือ ACD การเชื่อมรถไฟระหว่างเอเชีย-ยุโรป (The New Silk Road)
126,Milatrud11,https://twitter.com/Milatrud11/status/386894552868474880,6/10/2013 16:43,"""Die „Neue Seidenstraße“ #Tadschikistan s kann dornig werden""  … #Doktrin d #USA ""The #NewSilkRoad"" für #Zentralasien"
127,_Love_My_Music_,https://twitter.com/_Love_My_Music_/status/385348613179596800,2/10/2013 10:20,TWELVE GIRLS BAND - JOURNEY TO SILK ROAD CONCERT 2005 [3RD ANNIVERSARY - NEW CD $20.68
128,orrlang,https://twitter.com/orrlang/status/383073252790128640,26/9/2013 3:39,我正在看《China Proposes New Silk Road Free Trade Zone》这篇文章，还不错。文章链接： …
129,KongKon84729413,https://twitter.com/KongKon84729413/status/409873824901902336,9/12/2013 2:35,我在痞客邦 PIXNET 新增了篇文章：Reviving the maritime Silk Road  …
130,BeritaOtonomi,https://twitter.com/BeritaOtonomi/status/413545097477623808,19/12/2013 5:43,"The New Silk Road akan Hubungkan Cina, Rusia dan Eropa - Berita Otonomi  "
131,seansasha,https://twitter.com/seansasha/status/417173660210704384,29/12/2013 6:02,混迷を深めるCASA-1000プロジェクト The New Silk Road to Nowhere | The Diplomat  …
132,PDChina,https://twitter.com/PDChina/status/410755864060891136,11/12/2013 13:00,"Final of 21th New Silk Road model contest to be held in Sanya, one of the three prefecture-level cities of...  "
133,SebPerimony,https://twitter.com/SebPerimony/status/410757069055066112,11/12/2013 13:04,Top Chinese leaders hail progress at major water diversion project  … #China #Project #NewSilkRoad
134,myfairobserver,https://twitter.com/myfairobserver/status/410801293674815488,11/12/2013 16:00,#China is creating a “New Silk Road” in #CentralAsia:  
135,KZasztowt,https://twitter.com/KZasztowt/status/410808785926512640,11/12/2013 16:30,New @PISM_Poland Policy Paper: China’s New Silk Road Diplomacy  …
136,EurasiaReview,https://twitter.com/EurasiaReview/status/410832399980044288,11/12/2013 18:04,New Silk Road: Stabilising Afghanistan Post-2014 – Analysis  
137,EurasiaReview,https://twitter.com/EurasiaReview/status/410832406107942912,11/12/2013 18:04,New Silk Road: Stabilising Afghanistan Post-2014 – Analysis  
138,HillaryFirst,https://twitter.com/HillaryFirst/status/410839549124677632,11/12/2013 18:32,Home 1 » New Silk Road: Stabilising Afghanistan Post-2014 – Analysis Silk Road extending from Europe through Egypt…
139,ZohaNasreen,https://twitter.com/ZohaNasreen/status/411121417845866496,12/12/2013 13:12,Roadblocks Along the New Silk Road | ICFJ - International Center for Journalists:  …
140,OltisUSA,https://twitter.com/OltisUSA/status/411274261303939072,12/12/2013 23:19,China’s New Silk Road Diplomacy: ...Chinese-Polish relations. © 2013 Polish Institute of International Affairs...  
141,JustANobody2,https://twitter.com/JustANobody2/status/411309107744763904,13/12/2013 1:38,"#Afghanistan, #EurAsia -- New #Silk Road = 'Stabilising' Afghanistan Post-2014 – Analysis [via EurAsia News]  …"
142,Kostian_V,https://twitter.com/Kostian_V/status/411518912971304960,13/12/2013 15:32,New Silk Road #FF @BSimpfendorfer @CENTCOM @CivilGe @CooleyOnEurasia @CSISRussia @Ericamarat @eTajikistan @EurasiaNet @Ilqar_Qurbanov
143,Kostian_V,https://twitter.com/Kostian_V/status/411518936958509056,13/12/2013 15:32,New Silk Road 2 #FF @news_az @joshuakucera @mhikaric @ralakbar @randomdijit @TheBugPit @TRENDNewsAgency
144,indopacmonitor,https://twitter.com/indopacmonitor/status/411650529182633984,14/12/2013 0:15,New Silk Road Nears Crucial Phase  
145,myfairobserver,https://twitter.com/myfairobserver/status/412001724228845569,14/12/2013 23:30,"""The aim of the proposed Silk Road economic belt is to develop trading points into #Europe.""   #China"
146,nnavjeetk,https://twitter.com/nnavjeetk/status/412100786030538754,15/12/2013 6:04,Lay Your Cards Down: China's New Silk Road  … via @myfairobserver
147,roposimyjux,https://twitter.com/roposimyjux/status/412125890618089472,15/12/2013 7:44,Model Contest - New Silk Road China - FTV  …
148,roposimyjux,https://twitter.com/roposimyjux/status/412246684622938112,15/12/2013 15:44,Co-ed Models Contest - New Silk Road Chinese University - Baoan Dalang Cup - FTV  …
149,nnavjeetk,https://twitter.com/nnavjeetk/status/412291416073568256,15/12/2013 18:41,Lay Your Cards Down: China's New Silk Road  … via @myfairobserver
150,IlonaKickbusch,https://twitter.com/IlonaKickbusch/status/412479691090833408,16/12/2013 7:09,The New Silk  Road Economic Belt: Chinese Premier Li attended a summit with leaders of 16  CEE countries   …
151,TheBricsPost,https://twitter.com/TheBricsPost/status/412529977863589889,16/12/2013 10:29,An increasing number of Chinese corporations & sub-national governments are upbeat about the Silk Road economic belt  …
152,Fortencrantz,https://twitter.com/Fortencrantz/status/412565673047359488,16/12/2013 12:51,SOA: China's Central Economic Work Conference calls for advancing construction of 21st century maritime silk road  …
153,asiapacificstar,https://twitter.com/asiapacificstar/status/412868125973938176,17/12/2013 8:53,21st NSR Model Look China Final concludes at Sanyas Daxiao Dongtian: The Final of the 21st New Silk Road Model...  
154,AsiaRisingTV,https://twitter.com/AsiaRisingTV/status/412878704818548736,17/12/2013 9:35,Middle Eastern Investors hope to mine a new Silk Road to find riches in Asia  
155,TransConflict,https://twitter.com/TransConflict/status/412892610676543492,17/12/2013 10:30,New Silk Road – stabilising #Afghanistan post-2014 - #peacebuilding -  …
156,TheDailyHammer,https://twitter.com/TheDailyHammer/status/412989683736387584,17/12/2013 16:56,A new silk road.  London to Beijing in 12 days.  …
157,lin_rhys,https://twitter.com/lin_rhys/status/413029270944882688,17/12/2013 19:33,...back to the NHM today... training for the new Silk Road exhibit... very exciting...!Tonight: will unfold...
158,TJAWheeler,https://twitter.com/TJAWheeler/status/413054909165338624,17/12/2013 21:15,"Finally, am also interested in the ""New Silk Road"" chat. Obv. a seriously considered strategy.   "
159,ConservaWonk,https://twitter.com/ConservaWonk/status/413125702666305536,18/12/2013 1:56,(TheDiplomat) The New Silk Road to Nowhere:   
160,tocqweb,https://twitter.com/tocqweb/status/413142882657132544,18/12/2013 3:05,The New Silk Road to Nowhere | The Diplomat  …
161,AngelGdeAgreda,https://twitter.com/AngelGdeAgreda/status/413157460707667968,18/12/2013 4:03,The New Silk Road to Nowhere | The Diplomat | @scoopit  
162,AsuraSerg,https://twitter.com/AsuraSerg/status/413167799524028416,18/12/2013 4:44,The New Silk Road to Nowhere | The Diplomat  …
163,DrMunishRaizada,https://twitter.com/DrMunishRaizada/status/413181979610202112,18/12/2013 5:40,The New Silk Road to Nowhere | The Diplomat  …
164,zalmayzia,https://twitter.com/zalmayzia/status/413184490505109505,18/12/2013 5:50,Roadblocks Along the New Silk Road | ICFJ - International Center for Journalists:  …
165,bajinder,https://twitter.com/bajinder/status/413187189917249536,18/12/2013 6:01,Roadblocks Along the New Silk Road - #Journalism training program for #SouthAsia  …
166,Kostian_V,https://twitter.com/Kostian_V/status/413190193345097728,18/12/2013 6:13,The New Silk Road to Nowhere | The Diplomat - #NSR  …
167,asiaflt,https://twitter.com/asiaflt/status/413196006923063298,18/12/2013 6:36,The New Silk Road to Nowhere | The Diplomat  …
168,noleftwing,https://twitter.com/noleftwing/status/413201330300125184,18/12/2013 6:57,what could go wrong................ RT @Kostian_V: The New Silk Road to Nowhere | The Diplomat - #NSR  …
169,ANBOUND1993,https://twitter.com/ANBOUND1993/status/413233534862491648,18/12/2013 9:05,The New Silk Road is Promising in Becoming the World's Third Largest Trade Axis  
170,WantChinaTimes,https://twitter.com/WantChinaTimes/status/413264969128755201,18/12/2013 11:10,The 21st New Silk Road Chinese Model Contest  
171,AXJPRESS,https://twitter.com/AXJPRESS/status/413308790550048768,18/12/2013 14:04,"The New Silk Road to Nowhere - Eugene Imas,  The Diplomat Magazine    "
172,AXJPRESS,https://twitter.com/AXJPRESS/status/413308860318113792,18/12/2013 14:04,"The New Silk Road to Nowhere - Eugene Imas,  The Diplomat Magazine    "
173,AXJPRESS,https://twitter.com/AXJPRESS/status/413308921596891137,18/12/2013 14:05,"The New Silk Road to Nowhere - Eugene Imas,  The Diplomat Magazine    "
174,sungy4,https://twitter.com/sungy4/status/413314753679724545,18/12/2013 14:28,The New Silk Road to Nowhere: US post-2014 dev plans for #CentralAsia at risk of strategic failure  … via @eugeneimas
175,myfairobserver,https://twitter.com/myfairobserver/status/413345603398017024,18/12/2013 16:30,#China is expanding its trade networks into #Central Asia and creating a “new Silk Road”:  
176,eugeneimas,https://twitter.com/eugeneimas/status/413364885557215232,18/12/2013 17:47,"My article in @Diplomat_APAC The New Silk Road to Nowhere:US dev plans for CA are worthy, but risk strategic failure.  "
177,eugeneimas,https://twitter.com/eugeneimas/status/413385523378393088,18/12/2013 19:09,"My article: The New Silk Road to Nowhere:US dev plans for CA are worthy, but risk strategic failure.   cc: @Wikistrat"
178,CERESGeorgetown,https://twitter.com/CERESGeorgetown/status/413393560285614080,18/12/2013 19:41,"From Alumnus @eugeneimas The New Silk Road to Nowhere: U.S. dev plans for CA are worthy, but risk strategic failure.  "
